date, time, timestamp, data_time,screenPospedestrianX,screenPospedestrianY, screenPospedestrianZ,pedestrianworldpositionX, pedestrianworldpositionY, pedestrianworldpositionZ,screenPosCubeX,screenPosCubeY, screenPosCubeZ,CubeworldpositionX, CubeworldpositionY, CubeworldpositionZ,
29/01/20,10:52:51,132248299716630377,20200129T225251,0,0,0,431.3226,407.2306,459.7985,881.2523,-1889.328,1.625115,436.66,407.21,462.33
29/01/20,10:52:51,132248299716860321,20200129T225251,0,0,0,431.3226,407.2293,459.7985,881.9532,-1889.017,1.625284,436.66,407.21,462.33
29/01/20,10:52:52,132248299724920460,20200129T225252,0,0,0,431.3234,407.2223,459.799,920.2681,-1896.117,1.623342,436.66,407.21,462.33
29/01/20,10:52:52,132248299725570423,20200129T225252,0,0,0,431.4634,407.3354,459.9006,6638.706,-480.23,0.9084164,436.66,407.21,462.33
29/01/20,10:52:52,132248299725965801,20200129T225252,0,0,0,431.461,407.3259,459.9006,6552.07,-453.3589,0.92291,436.66,407.21,462.33
29/01/20,10:52:52,132248299726500208,20200129T225252,0,0,0,431.4608,407.3185,459.9006,6539.328,-440.1086,0.9255403,436.66,407.21,462.33
29/01/20,10:52:52,132248299726940255,20200129T225252,0,0,0,431.4606,407.3112,459.9005,6546.575,-431.8215,0.9248531,436.66,407.21,462.33
29/01/20,10:52:52,132248299727300224,20200129T225252,0,0,0,431.4606,407.304,459.9005,6542.69,-420.3388,0.9260488,436.66,407.21,462.33
29/01/20,10:52:52,132248299727670218,20200129T225252,0,0,0,431.4606,407.2967,459.9004,6535.859,-409.4821,0.9275206,436.66,407.21,462.33
29/01/20,10:52:52,132248299728010223,20200129T225252,0,0,0,431.4606,407.2894,459.9004,6539.509,-403.16,0.9272403,436.66,407.21,462.33
29/01/20,10:52:52,132248299728390227,20200129T225252,0,0,0,431.4604,407.282,459.9005,6545.009,-400.5444,0.9266254,436.66,407.21,462.33
29/01/20,10:52:52,132248299728740317,20200129T225252,0,0,0,431.46,407.2743,459.9007,6540.361,-397.3086,0.9274731,436.66,407.21,462.33
29/01/20,10:52:52,132248299729080302,20200129T225252,0,0,0,431.4594,407.2665,459.9008,6529.481,-400.0697,0.9290727,436.66,407.21,462.33
29/01/20,10:52:52,132248299729470448,20200129T225252,0,0,-8.980005E-06,431.4582,407.2587,459.9013,6567.525,-427.1066,0.9221292,436.66,407.21,462.33
29/01/20,10:52:52,132248299729800652,20200129T225252,2368,657,-2.851663E-05,431.4559,407.2507,459.9021,6633.468,-492.6288,0.9093541,436.66,407.21,462.33
29/01/20,10:52:53,132248299730280634,20200129T225253,3552,1971,-1.784455E-05,431.452,407.2429,459.903,6785.579,-547.4849,0.8854998,436.66,407.21,462.33
29/01/20,10:52:53,132248299730620659,20200129T225253,0,0,0,431.4409,407.236,459.9063,7806.585,-743.0628,0.7574003,436.66,407.21,462.33
29/01/20,10:52:53,132248299730960810,20200129T225253,1184,1314,3.869362E-05,431.4324,407.2306,459.9088,9395.482,-1098.123,0.616292,436.66,407.21,462.33
29/01/20,10:52:53,132248299731300794,20200129T225253,0,0,0,431.424,407.2267,459.9116,11927.09,-1634.123,0.4750379,436.66,407.21,462.33
29/01/20,10:52:53,132248299731650789,20200129T225253,0,0,0,431.4161,407.2246,459.9149,14429.44,-2037.32,0.3882358,436.66,407.21,462.33
29/01/20,10:52:53,132248299732000918,20200129T225253,0,0,0,431.4093,407.2238,459.9183,15619.82,-2096.015,0.3579901,436.66,407.21,462.33
29/01/20,10:52:53,132248299732340934,20200129T225253,0,0,0,431.4041,407.2253,459.9218,16565.18,-2126.865,0.3371304,436.66,407.21,462.33
29/01/20,10:52:53,132248299732710924,20200129T225253,0,0,0,431.3993,407.2287,459.9254,17662.37,-2083.534,0.3161469,436.66,407.21,462.33
29/01/20,10:52:53,132248299733050928,20200129T225253,3552,2628,3.496367E-05,431.395,407.2337,459.9295,19876.23,-2122.235,0.2800598,436.66,407.21,462.33
29/01/20,10:52:53,132248299733520929,20200129T225253,0,0,0,431.3897,407.2438,459.9344,22170.21,-1936.859,0.2508047,436.66,407.21,462.33
29/01/20,10:52:53,132248299733840920,20200129T225253,2368,657,-6.016871E-07,431.3851,407.2526,459.9384,22969.12,-1506.768,0.2425407,436.66,407.21,462.33
29/01/20,10:52:53,132248299734160829,20200129T225253,0,0,0,431.3813,407.2562,459.9406,29176.38,-1874.389,0.1892586,436.66,407.21,462.33
29/01/20,10:52:53,132248299734500834,20200129T225253,1184,1314,0,431.3736,407.2667,459.945,221240.6,-18385.21,0.02413702,436.66,407.21,462.33
29/01/20,10:52:53,132248299734960999,20200129T225253,0,0,0,431.3669,407.2715,459.9483,-15264.14,2683.815,-0.3232946,436.66,407.21,462.33
29/01/20,10:52:53,132248299735301005,20200129T225253,2368,1971,4.01355E-05,431.3638,407.2701,459.9501,-10730.82,2332.447,-0.4457262,436.66,407.21,462.33
29/01/20,10:52:53,132248299735801007,20200129T225253,1184,-657,7.217186E-05,431.3592,407.2744,459.9546,-8663.446,2271.6,-0.5382193,436.66,407.21,462.33
29/01/20,10:52:53,132248299736131020,20200129T225253,0,0,0,431.3552,407.2769,459.9579,-8389.801,2313.523,-0.5533103,436.66,407.21,462.33
29/01/20,10:52:53,132248299736840994,20200129T225253,2368,1971,-8.533238E-05,431.3513,407.278,459.9596,-8725.654,2157.555,-0.5360695,436.66,407.21,462.33
29/01/20,10:52:53,132248299737270996,20200129T225253,2368,1314,6.043375E-05,431.3409,407.2863,459.9599,-7361.074,1485.289,-0.6237476,436.66,407.21,462.33
29/01/20,10:52:53,132248299737951130,20200129T225253,0,0,0,431.337,407.2821,459.9596,-5584.987,1254.646,-0.7853484,436.66,407.21,462.33
29/01/20,10:52:53,132248299738361132,20200129T225253,0,0,0,431.3269,407.279,459.959,-2420.685,1125.569,-1.442668,436.66,407.21,462.33
29/01/20,10:52:53,132248299738821132,20200129T225253,0,0,0,431.3202,407.273,459.959,-1626.999,1108.681,-1.814412,436.66,407.21,462.33
29/01/20,10:52:53,132248299739321144,20200129T225253,3552,3942,-1.526071E-05,431.3046,407.2654,459.9575,-608.0736,1122.689,-2.664984,436.66,407.21,462.33
29/01/20,10:52:53,132248299739921274,20200129T225253,0,0,0,431.2963,407.2574,459.9561,-305.7549,1124.961,-3.066055,436.66,407.21,462.33
29/01/20,10:52:54,132248299740321275,20200129T225254,0,0,0,431.2808,407.2459,459.9494,122.2827,1104.114,-3.811765,436.66,407.21,462.33
29/01/20,10:52:54,132248299740871399,20200129T225254,-1184,1314,4.450458E-07,431.2738,407.2373,459.9465,275.7767,1088.662,-4.131032,436.66,407.21,462.33
29/01/20,10:52:54,132248299741351399,20200129T225254,1184,-1314,3.026209E-05,431.2617,407.2262,459.9421,521.2111,1052.598,-4.668366,436.66,407.21,462.33
29/01/20,10:52:54,132248299741901417,20200129T225254,-3552,3942,3.100419E-06,431.2558,407.2173,459.9393,623.6702,1052.349,-4.905652,436.66,407.21,462.33
29/01/20,10:52:54,132248299742481404,20200129T225254,0,0,0,431.247,407.2046,459.9359,747.3578,1064.447,-5.194385,436.66,407.21,462.33
29/01/20,10:52:54,132248299743011548,20200129T225254,0,0,0,431.2406,407.191,459.9338,822.6527,1118.943,-5.41172,436.66,407.21,462.33
29/01/20,10:52:54,132248299743531533,20200129T225254,0,1314,0,431.2378,407.1816,459.933,841.3847,1135.103,-5.466369,436.66,407.21,462.33
29/01/20,10:52:54,132248299743999831,20200129T225254,0,0,0,431.2306,407.1706,459.9311,868.2802,1137.098,-5.524452,436.66,407.21,462.33
29/01/20,10:52:54,132248299744539832,20200129T225254,0,2628,-2.996381E-05,431.2286,407.1615,459.9304,882.9448,1142.251,-5.557323,436.66,407.21,462.33
29/01/20,10:52:54,132248299745009831,20200129T225254,0,0,0,431.2272,407.1494,459.9274,930.9117,1162.266,-5.657166,436.66,407.21,462.33
29/01/20,10:52:54,132248299745539831,20200129T225254,0,0,0,431.2268,407.1399,459.9267,944.4401,1166.315,-5.681922,436.66,407.21,462.33
29/01/20,10:52:54,132248299746009834,20200129T225254,0,0,0,431.2252,407.1266,459.9245,955.3773,1190.485,-5.720465,436.66,407.21,462.33
29/01/20,10:52:54,132248299746539831,20200129T225254,0,0,0,431.2247,407.1158,459.9237,942.772,1220.916,-5.723494,436.66,407.21,462.33
29/01/20,10:52:54,132248299747169833,20200129T225254,0,0,0,431.2275,407.1013,459.9246,896.6917,1295.581,-5.671434,436.66,407.21,462.33
29/01/20,10:52:54,132248299747659837,20200129T225254,0,1314,-2.718717E-05,431.2315,407.0862,459.9237,878.797,1369.859,-5.628254,436.66,407.21,462.33
29/01/20,10:52:54,132248299748219833,20200129T225254,0,0,0,431.2328,407.0759,459.9242,867.6639,1397.922,-5.595031,436.66,407.21,462.33
29/01/20,10:52:54,132248299748659841,20200129T225254,0,0,0,431.2369,407.0644,459.9225,860.6418,1443.875,-5.551005,436.66,407.21,462.33
29/01/20,10:52:54,132248299749219853,20200129T225254,0,0,0,431.2383,407.0573,459.9219,818.592,1436.705,-5.474062,436.66,407.21,462.33
29/01/20,10:52:54,132248299749659833,20200129T225254,0,0,0,431.2439,407.0523,459.9251,668.5198,1381.369,-5.162088,436.66,407.21,462.33
29/01/20,10:52:55,132248299750209832,20200129T225255,0,0,0,431.2472,407.0458,459.9271,595.7714,1366.276,-4.986786,436.66,407.21,462.33
29/01/20,10:52:55,132248299750659832,20200129T225255,2368,657,4.388758E-07,431.2557,407.0372,459.934,456.8691,1360.925,-4.63762,436.66,407.21,462.33
29/01/20,10:52:55,132248299751279833,20200129T225255,0,657,2.147617E-05,431.2586,407.0286,459.9368,393.9594,1380.41,-4.478882,436.66,407.21,462.33
29/01/20,10:52:55,132248299751839831,20200129T225255,1184,0,9.286303E-07,431.2661,407.0202,459.9417,280.1162,1437.806,-4.19251,436.66,407.21,462.33
29/01/20,10:52:55,132248299752369829,20200129T225255,0,0,0,431.2706,407.018,459.9457,258.9221,1396.315,-4.151274,436.66,407.21,462.33
29/01/20,10:52:55,132248299752759977,20200129T225255,3552,3942,2.973925E-05,431.2729,407.0126,459.9474,260.1999,1385.646,-4.154351,436.66,407.21,462.33
29/01/20,10:52:55,132248299753439976,20200129T225255,0,0,0,431.2754,407.0077,459.9495,226.8745,1358.844,-4.081587,436.66,407.21,462.33
29/01/20,10:52:55,132248299753979989,20200129T225255,1184,-2628,-1.157366E-05,431.2762,407.0018,459.9482,212.5871,1340.381,-4.051578,436.66,407.21,462.33
29/01/20,10:52:55,132248299754380015,20200129T225255,0,0,0,431.2741,406.9951,459.9478,228.0367,1346.929,-4.08687,436.66,407.21,462.33
29/01/20,10:52:55,132248299755149986,20200129T225255,0,0,0,431.2698,406.9875,459.9491,256.0624,1398.2,-4.144825,436.66,407.21,462.33
29/01/20,10:52:55,132248299755659977,20200129T225255,1184,0,1.156266E-05,431.2682,406.977,459.9505,238.4436,1486.211,-4.080179,436.66,407.21,462.33
29/01/20,10:52:55,132248299756049970,20200129T225255,5920,1314,3.953067E-05,431.2675,406.967,459.9507,225.5599,1510.694,-4.042747,436.66,407.21,462.33
29/01/20,10:52:55,132248299756970148,20200129T225255,0,0,0,431.272,406.9531,459.9474,131.841,1558.064,-3.825482,436.66,407.21,462.33
29/01/20,10:52:55,132248299757370114,20200129T225255,1184,2628,1.473049E-06,431.276,406.941,459.9395,74.64679,1616.687,-3.685826,436.66,407.21,462.33
29/01/20,10:52:55,132248299757980122,20200129T225255,0,0,0,431.2788,406.9294,459.9288,125.567,1657.131,-3.760965,436.66,407.21,462.33
29/01/20,10:52:55,132248299758380103,20200129T225255,1184,1314,-2.916892E-05,431.2782,406.9203,459.9233,155.4572,1643.864,-3.829055,436.66,407.21,462.33
29/01/20,10:52:55,132248299759160107,20200129T225255,-3552,1314,-1.640358E-05,431.2734,406.9125,459.9143,241.5926,1578.332,-4.050149,436.66,407.21,462.33
29/01/20,10:52:55,132248299759650118,20200129T225255,1184,1314,-1.995675E-05,431.265,406.9099,459.9079,364.625,1471.662,-4.387685,436.66,407.21,462.33
29/01/20,10:52:56,132248299760060108,20200129T225256,0,0,0,431.2608,406.9058,459.9048,413.528,1428.086,-4.524908,436.66,407.21,462.33
29/01/20,10:52:56,132248299760830101,20200129T225256,1184,1314,-2.317336E-05,431.2553,406.907,459.8998,487.3364,1377.115,-4.724779,436.66,407.21,462.33
29/01/20,10:52:56,132248299761340108,20200129T225256,0,0,0,431.2526,406.9069,459.8951,540.7057,1304.324,-4.867536,436.66,407.21,462.33
29/01/20,10:52:56,132248299761890107,20200129T225256,0,0,0,431.2527,406.9016,459.8934,556.2756,1286.133,-4.905427,436.66,407.21,462.33
29/01/20,10:52:56,132248299762340114,20200129T225256,1184,1971,1.706625E-05,431.2542,406.8965,459.8884,559.8144,1253.519,-4.909279,436.66,407.21,462.33
29/01/20,10:52:56,132248299762760253,20200129T225256,0,0,0,431.2554,406.8893,459.8867,561.9415,1251.603,-4.914097,436.66,407.21,462.33
29/01/20,10:52:56,132248299763440246,20200129T225256,0,0,0,431.2569,406.8803,459.8841,553.2575,1268.047,-4.896336,436.66,407.21,462.33
29/01/20,10:52:56,132248299764020247,20200129T225256,0,0,0,431.2563,406.8694,459.8835,540.1531,1306.542,-4.869038,436.66,407.21,462.33
29/01/20,10:52:56,132248299764450256,20200129T225256,0,0,0,431.2552,406.8596,459.8836,531.0565,1326.297,-4.847474,436.66,407.21,462.33
29/01/20,10:52:56,132248299765110262,20200129T225256,0,0,0,431.2523,406.8465,459.8846,503.6193,1342.209,-4.780638,436.66,407.21,462.33
29/01/20,10:52:56,132248299765700253,20200129T225256,0,1314,2.326365E-05,431.2479,406.8336,459.8874,485.8826,1345.459,-4.739197,436.66,407.21,462.33
29/01/20,10:52:56,132248299766130258,20200129T225256,0,0,0,431.2457,406.8236,459.8888,482.6175,1350.815,-4.732192,436.66,407.21,462.33
29/01/20,10:52:56,132248299766920260,20200129T225256,0,0,0,431.2404,406.8121,459.8925,495.7868,1366.129,-4.765532,436.66,407.21,462.33
29/01/20,10:52:56,132248299767370266,20200129T225256,0,0,0,431.236,406.7999,459.8945,511.3923,1370.551,-4.806653,436.66,407.21,462.33
29/01/20,10:52:56,132248299767790258,20200129T225256,2368,1971,2.418466E-05,431.2343,406.7903,459.8948,517.905,1369.812,-4.824597,436.66,407.21,462.33
29/01/20,10:52:56,132248299768440257,20200129T225256,0,0,0,431.2312,406.7787,459.8949,520.8921,1369.722,-4.834966,436.66,407.21,462.33
29/01/20,10:52:56,132248299769038541,20200129T225256,0,0,0,431.2291,406.7688,459.895,522.9137,1377.003,-4.840451,436.66,407.21,462.33
29/01/20,10:52:56,132248299769448532,20200129T225256,0,0,0,431.2284,406.761,459.8952,523.5916,1379.436,-4.842463,436.66,407.21,462.33
29/01/20,10:52:57,132248299770598397,20200129T225257,0,0,0,431.2276,406.753,459.8943,521.7921,1379.885,-4.839287,436.66,407.21,462.33
29/01/20,10:52:57,132248299771020816,20200129T225257,0,0,0,431.2268,406.7459,459.8934,515.9141,1383.198,-4.82516,436.66,407.21,462.33
29/01/20,10:52:57,132248299771580818,20200129T225257,0,0,0,431.2257,406.7389,459.8928,511.3597,1394.124,-4.812323,436.66,407.21,462.33
29/01/20,10:52:57,132248299772070940,20200129T225257,2368,1314,-6.807873E-06,431.225,406.7316,459.8933,509.6171,1400.748,-4.806795,436.66,407.21,462.33
29/01/20,10:52:57,132248299772540942,20200129T225257,0,0,0,431.2248,406.7237,459.8934,508.2551,1404.527,-4.802796,436.66,407.21,462.33
29/01/20,10:52:57,132248299773047684,20200129T225257,0,0,0,431.2244,406.7154,459.8936,505.3857,1399.018,-4.798261,436.66,407.21,462.33
29/01/20,10:52:57,132248299773457820,20200129T225257,0,0,0,431.2245,406.7076,459.8934,504.9167,1396.538,-4.798388,436.66,407.21,462.33
29/01/20,10:52:57,132248299774090289,20200129T225257,0,0,0,431.2242,406.7,459.8938,503.3699,1393.695,-4.795929,436.66,407.21,462.33
29/01/20,10:52:57,132248299774680286,20200129T225257,1184,1971,5.905572E-05,431.2238,406.6929,459.8939,506.0368,1395.4,-4.802833,436.66,407.21,462.33
29/01/20,10:52:57,132248299775110281,20200129T225257,0,0,0,431.2234,406.6855,459.8936,505.8575,1395.125,-4.803401,436.66,407.21,462.33
29/01/20,10:52:57,132248299775800301,20200129T225257,-1184,657,-3.994833E-05,431.2232,406.6784,459.8927,502.5188,1395.013,-4.79616,436.66,407.21,462.33
29/01/20,10:52:57,132248299776470316,20200129T225257,0,0,0,431.223,406.672,459.8924,505.398,1392.68,-4.804616,436.66,407.21,462.33
29/01/20,10:52:57,132248299777035128,20200129T225257,0,0,0,431.2224,406.666,459.8923,508.5364,1393.023,-4.813184,436.66,407.21,462.33
29/01/20,10:52:57,132248299777445235,20200129T225257,2368,1314,1.321213E-05,431.2223,406.6592,459.8921,507.3524,1389.129,-4.812037,436.66,407.21,462.33
29/01/20,10:52:57,132248299778192775,20200129T225257,0,0,0,431.2221,406.6528,459.8916,508.395,1380.831,-4.817565,436.66,407.21,462.33
29/01/20,10:52:57,132248299779022805,20200129T225257,0,0,0,431.2222,406.6458,459.8905,507.2753,1381.658,-4.815343,436.66,407.21,462.33
29/01/20,10:52:57,132248299779870249,20200129T225257,0,0,0,431.2219,406.6386,459.8898,505.7801,1381.516,-4.81263,436.66,407.21,462.33
29/01/20,10:52:58,132248299780650268,20200129T225258,0,0,0,431.2208,406.6323,459.8865,513.7712,1384.671,-4.834085,436.66,407.21,462.33
29/01/20,10:52:58,132248299781420411,20200129T225258,0,0,0,431.2198,406.6267,459.8843,521.9832,1380.02,-4.857697,436.66,407.21,462.33
29/01/20,10:52:58,132248299782030521,20200129T225258,0,1971,-6.003709E-05,431.2193,406.6241,459.8832,539.4725,1373.051,-4.903947,436.66,407.21,462.33
29/01/20,10:52:58,132248299782790546,20200129T225258,0,0,0,431.2198,406.6172,459.8811,537.4202,1375.068,-4.899281,436.66,407.21,462.33
29/01/20,10:52:58,132248299783240521,20200129T225258,0,0,0,431.2201,406.6099,459.8798,529.4127,1380.8,-4.878621,436.66,407.21,462.33
29/01/20,10:52:58,132248299783660661,20200129T225258,0,0,0,431.22,406.6023,459.8787,528.2242,1387.299,-4.874991,436.66,407.21,462.33
29/01/20,10:52:58,132248299784080663,20200129T225258,0,0,0,431.2198,406.5952,459.878,528.7848,1382.196,-4.878752,436.66,407.21,462.33
29/01/20,10:52:58,132248299784670659,20200129T225258,0,1314,-3.006052E-05,431.2191,406.5911,459.8753,543.4559,1335.865,-4.925218,436.66,407.21,462.33
29/01/20,10:52:58,132248299785080658,20200129T225258,0,0,0,431.2192,406.5855,459.8745,559.0836,1316.176,-4.966094,436.66,407.21,462.33
29/01/20,10:52:58,132248299785785568,20200129T225258,0,1314,3.468967E-05,431.2209,406.5776,459.8744,557.3698,1282.829,-4.959186,436.66,407.21,462.33
29/01/20,10:52:58,132248299786365671,20200129T225258,0,0,0,431.2243,406.5643,459.8718,502.5913,1308.862,-4.823297,436.66,407.21,462.33
29/01/20,10:52:58,132248299786958607,20200129T225258,0,657,-5.326523E-05,431.225,406.5548,459.8741,481.9289,1313.323,-4.771231,436.66,407.21,462.33
29/01/20,10:52:58,132248299787378609,20200129T225258,0,0,0,431.2254,406.5444,459.8825,402.2008,1376.192,-4.565611,436.66,407.21,462.33
29/01/20,10:52:58,132248299788158727,20200129T225258,0,0,0,431.2244,406.5346,459.8998,244.7096,1508.142,-4.149764,436.66,407.21,462.33
29/01/20,10:52:58,132248299788638761,20200129T225258,0,0,0,431.2231,406.5242,459.9218,-37.57615,1680.833,-3.503533,436.66,407.21,462.33
29/01/20,10:52:58,132248299789074097,20200129T225258,5920,2628,-1.479356E-05,431.2245,406.5131,459.9281,-226.6192,1793.745,-3.14527,436.66,407.21,462.33
29/01/20,10:52:58,132248299789784092,20200129T225258,0,0,0,431.2276,406.5078,459.9455,-601.2189,1956.138,-2.608386,436.66,407.21,462.33
29/01/20,10:52:59,132248299790300720,20200129T225259,0,0,0,431.232,406.5061,459.9612,-946.593,2148.561,-2.226372,436.66,407.21,462.33
29/01/20,10:52:59,132248299790690707,20200129T225259,0,0,0,431.2346,406.503,459.9699,-1257.987,2324.882,-1.960263,436.66,407.21,462.33
29/01/20,10:52:59,132248299791480723,20200129T225259,5920,1601.438,-4.145937E-05,431.2397,406.5007,459.9803,-2287.001,2857.434,-1.401626,436.66,407.21,462.33
29/01/20,10:52:59,132248299791999365,20200129T225259,0,0,0,431.244,406.5009,459.9924,-4414.207,3904.564,-0.8771454,436.66,407.21,462.33
29/01/20,10:52:59,132248299792379359,20200129T225259,0,0,0,431.2461,406.4967,459.9992,-8179.524,5990.804,-0.5203588,436.66,407.21,462.33
29/01/20,10:52:59,132248299792939476,20200129T225259,0,0,0,431.2504,406.4932,460.0068,-30952.66,18851.74,-0.1491394,436.66,407.21,462.33
29/01/20,10:52:59,132248299793319475,20200129T225259,0,0,0,431.2594,406.493,460.0212,7801.949,-2865.072,0.6913073,436.66,407.21,462.33
29/01/20,10:52:59,132248299793909601,20200129T225259,2368,1314,5.061559E-05,431.2655,406.4889,460.0272,4993.526,-1319.62,1.152393,436.66,407.21,462.33
29/01/20,10:52:59,132248299794240220,20200129T225259,0,0,0,431.2794,406.4857,460.0372,3088.876,-218.7297,2.076989,436.66,407.21,462.33
29/01/20,10:52:59,132248299794870243,20200129T225259,1776,903.375,-5.83184E-05,431.2859,406.4785,460.0408,2643.497,67.92307,2.546526,436.66,407.21,462.33
29/01/20,10:52:59,132248299795230267,20200129T225259,0,0,0,431.3004,406.4703,460.048,2093.899,459.3747,3.48551,436.66,407.21,462.33
29/01/20,10:52:59,132248299795570244,20200129T225259,592,1668.164,2.613424E-05,431.3061,406.4597,460.0516,1909.022,611.5599,3.953476,436.66,407.21,462.33
29/01/20,10:52:59,132248299796360273,20200129T225259,0,0,0,431.312,406.448,460.0547,1775.373,731.6064,4.353718,436.66,407.21,462.33
29/01/20,10:52:59,132248299796954780,20200129T225259,0,0,0,431.3271,406.4343,460.0611,1597.743,952.0106,5.020425,436.66,407.21,462.33
29/01/20,10:52:59,132248299797314820,20200129T225259,0,0,0,431.3312,406.4293,460.0639,1559.964,979.5639,5.127313,436.66,407.21,462.33
29/01/20,10:52:59,132248299797939627,20200129T225259,0,0,0,431.3342,406.4261,460.0674,1533.794,985.1438,5.177717,436.66,407.21,462.33
29/01/20,10:52:59,132248299798329640,20200129T225259,0,0,0,431.3371,406.4284,460.0776,1502.229,951.5645,5.166521,436.66,407.21,462.33
29/01/20,10:52:59,132248299798930226,20200129T225259,0,0,0,431.3375,406.4249,460.083,1514.226,944.7021,5.134378,436.66,407.21,462.33
29/01/20,10:52:59,132248299799330233,20200129T225259,0,0,0,431.3345,406.4146,460.0911,1562.179,996.7393,5.139438,436.66,407.21,462.33
29/01/20,10:52:59,132248299799930321,20200129T225259,0,0,0,431.3322,406.4035,460.0948,1608.738,1018.776,5.086036,436.66,407.21,462.33
29/01/20,10:53:00,132248299800320340,20200129T225300,0,0,0,431.3301,406.386,460.1022,1741.46,1059.932,4.858188,436.66,407.21,462.33
29/01/20,10:53:00,132248299801070511,20200129T225300,0,0,0,431.3307,406.3733,460.1067,1802.139,1091.423,4.749627,436.66,407.21,462.33
29/01/20,10:53:00,132248299801600514,20200129T225300,0,0,0,431.3434,406.3522,460.1206,1866.754,1200.82,4.653089,436.66,407.21,462.33
29/01/20,10:53:00,132248299801960283,20200129T225300,0,0,0,431.349,406.3411,460.1241,1860.196,1242.192,4.678563,436.66,407.21,462.33
29/01/20,10:53:00,132248299802560279,20200129T225300,0,0,0,431.353,406.3294,460.1266,1833.999,1287.285,4.747773,436.66,407.21,462.33
29/01/20,10:53:00,132248299802955688,20200129T225300,0,0,0,431.359,406.3151,460.1313,1770.552,1358.149,4.894741,436.66,407.21,462.33
29/01/20,10:53:00,132248299803575688,20200129T225300,0,0,0,431.3616,406.3065,460.1336,1740.271,1381.427,4.960007,436.66,407.21,462.33
29/01/20,10:53:00,132248299803970287,20200129T225300,0,0,0,431.3624,406.3012,460.1402,1664.212,1388.208,5.132965,436.66,407.21,462.33
29/01/20,10:53:00,132248299804610287,20200129T225300,0,0,0,431.3616,406.2971,460.1434,1624.996,1370.605,5.226682,436.66,407.21,462.33
29/01/20,10:53:00,132248299805030421,20200129T225300,0,0,0,431.3586,406.2979,460.1489,1582.574,1341.186,5.324991,436.66,407.21,462.33
29/01/20,10:53:00,132248299805960518,20200129T225300,0,0,0,431.353,406.3026,460.1547,1570.933,1292.617,5.35217,436.66,407.21,462.33
29/01/20,10:53:00,132248299806370272,20200129T225300,0,0,0,431.3476,406.3127,460.1565,1548.468,1305.284,5.40152,436.66,407.21,462.33
29/01/20,10:53:00,132248299806973550,20200129T225300,0,0,0,431.3498,406.3266,460.158,1512.057,1273.179,5.463379,436.66,407.21,462.33
29/01/20,10:53:00,132248299807373680,20200129T225300,0,0,0,431.3512,406.3311,460.1579,1480.558,1271.922,5.518191,436.66,407.21,462.33
29/01/20,10:53:00,132248299808155473,20200129T225300,0,0,0,431.3549,406.3361,460.1554,1403.12,1319.224,5.64213,436.66,407.21,462.33
29/01/20,10:53:00,132248299808635463,20200129T225300,1295,1971,8.125176E-05,431.3573,406.3364,460.1519,1329.056,1360.773,5.721052,436.66,407.21,462.33
29/01/20,10:53:00,132248299809075463,20200129T225300,0,0,0,431.3568,406.3355,460.1496,1298.131,1374.296,5.744131,436.66,407.21,462.33
29/01/20,10:53:00,132248299809795495,20200129T225300,0,0,0,431.3543,406.3322,460.1465,1278.009,1394.991,5.752264,436.66,407.21,462.33
29/01/20,10:53:01,132248299810306007,20200129T225301,0,0,0,431.3524,406.3294,460.1455,1260.736,1387.62,5.768331,436.66,407.21,462.33
29/01/20,10:53:01,132248299810866122,20200129T225301,629,1971,5.554437E-05,431.3529,406.3292,460.1445,1251.543,1373.631,5.779164,436.66,407.21,462.33
29/01/20,10:53:01,132248299811326127,20200129T225301,0,0,0,431.3534,406.334,460.1425,1236.124,1344.931,5.79368,436.66,407.21,462.33
29/01/20,10:53:01,132248299811746122,20200129T225301,0,0,0,431.3541,406.3384,460.1413,1226.126,1316.047,5.799318,436.66,407.21,462.33
29/01/20,10:53:01,132248299812441715,20200129T225301,0,0,0,431.3514,406.3471,460.1398,1185.441,1295.697,5.805998,436.66,407.21,462.33
29/01/20,10:53:01,132248299813015444,20200129T225301,0,0,0,431.3485,406.3511,460.1369,1148.553,1298.195,5.805139,436.66,407.21,462.33
29/01/20,10:53:01,132248299813415439,20200129T225301,0,0,0,431.3467,406.3514,460.1357,1137.234,1288.797,5.802635,436.66,407.21,462.33
29/01/20,10:53:01,132248299814110198,20200129T225301,0,0,0,431.3423,406.3486,460.1353,1147.977,1267.92,5.805196,436.66,407.21,462.33
29/01/20,10:53:01,132248299814640218,20200129T225301,0,0,0,431.3389,406.3458,460.1344,1180.761,1242.774,5.80349,436.66,407.21,462.33
29/01/20,10:53:01,132248299815070192,20200129T225301,0,0,0,431.338,406.3447,460.1341,1189.702,1236.155,5.801034,436.66,407.21,462.33
29/01/20,10:53:01,132248299815780188,20200129T225301,0,0,0,431.3361,406.3427,460.1327,1211.022,1238.756,5.802607,436.66,407.21,462.33
29/01/20,10:53:01,132248299816306296,20200129T225301,0,0,0,431.3335,406.3413,460.1331,1220.657,1237.178,5.802165,436.66,407.21,462.33
29/01/20,10:53:01,132248299816706281,20200129T225301,0,0,0,431.3321,406.3408,460.1338,1224.467,1233.914,5.800474,436.66,407.21,462.33
29/01/20,10:53:01,132248299817486294,20200129T225301,0,0,0,431.3285,406.341,460.1339,1240.805,1229.478,5.795897,436.66,407.21,462.33
29/01/20,10:53:01,132248299817977687,20200129T225301,0,0,0,431.3232,406.3429,460.1339,1263.479,1218.758,5.783505,436.66,407.21,462.33
29/01/20,10:53:01,132248299818437642,20200129T225301,0,0,0,431.3196,406.344,460.1339,1271.816,1210.763,5.776608,436.66,407.21,462.33
29/01/20,10:53:01,132248299818967649,20200129T225301,0,0,0,431.3145,406.347,460.1342,1292.61,1184.192,5.746701,436.66,407.21,462.33
29/01/20,10:53:01,132248299819437642,20200129T225301,0,0,0,431.3126,406.3488,460.1336,1295.64,1171.559,5.734919,436.66,407.21,462.33
29/01/20,10:53:01,132248299819967766,20200129T225301,1295,1642.5,7.279754E-05,431.3098,406.3511,460.1312,1291.185,1167.717,5.737646,436.66,407.21,462.33
29/01/20,10:53:02,132248299820590351,20200129T225302,0,0,0,431.3085,406.3514,460.13,1284.793,1169.498,5.745193,436.66,407.21,462.33
29/01/20,10:53:02,132248299821000430,20200129T225302,1415.25,985.5,-5.814866E-05,431.3068,406.3517,460.1296,1287.859,1149.88,5.724998,436.66,407.21,462.33
29/01/20,10:53:02,132248299821430429,20200129T225302,0,0,0,431.3051,406.3513,460.1299,1303.024,1136.301,5.700836,436.66,407.21,462.33
29/01/20,10:53:02,132248299821967852,20200129T225302,0,0,0,431.3007,406.3513,460.1306,1327.505,1116.987,5.661345,436.66,407.21,462.33
29/01/20,10:53:02,132248299822447847,20200129T225302,0,0,0,431.2983,406.3518,460.1302,1348.678,1111.811,5.636895,436.66,407.21,462.33
29/01/20,10:53:02,132248299822957981,20200129T225302,0,0,0,431.2918,406.3522,460.1282,1380.879,1104.493,5.598699,436.66,407.21,462.33
29/01/20,10:53:02,132248299823437983,20200129T225302,0,0,0,431.2873,406.3519,460.1265,1387.981,1101.785,5.591305,436.66,407.21,462.33
29/01/20,10:53:02,132248299823967991,20200129T225302,0,0,0,431.2797,406.353,460.1203,1405.241,1096.703,5.571675,436.66,407.21,462.33
29/01/20,10:53:02,132248299824587990,20200129T225302,0,0,0,431.2765,406.3536,460.116,1408.589,1103.98,5.580627,436.66,407.21,462.33
29/01/20,10:53:02,132248299824988133,20200129T225302,0,0,0,431.2708,406.3553,460.1079,1404.554,1103.959,5.593631,436.66,407.21,462.33
29/01/20,10:53:02,132248299825448125,20200129T225302,0,0,0,431.2676,406.3552,460.1037,1401.892,1108.517,5.606998,436.66,407.21,462.33
29/01/20,10:53:02,132248299825976329,20200129T225302,0,0,0,431.2599,406.3561,460.0948,1413.972,1107.249,5.599087,436.66,407.21,462.33
29/01/20,10:53:02,132248299826446297,20200129T225302,0,0,0,431.2538,406.3556,460.0908,1421.452,1105.763,5.593773,436.66,407.21,462.33
29/01/20,10:53:02,132248299826976474,20200129T225302,0,0,0,431.2393,406.355,460.0832,1443.911,1100.707,5.570032,436.66,407.21,462.33
29/01/20,10:53:02,132248299827446433,20200129T225302,1332,1314,2.760349E-05,431.2309,406.3555,460.0795,1451.761,1106.218,5.573297,436.66,407.21,462.33
29/01/20,10:53:02,132248299827966579,20200129T225302,0,0,0,431.2145,406.3572,460.0731,1469.448,1134.329,5.592533,436.66,407.21,462.33
29/01/20,10:53:02,132248299828436574,20200129T225302,0,0,0,431.2053,406.357,460.0705,1483.313,1148.154,5.591731,436.66,407.21,462.33
29/01/20,10:53:02,132248299829096707,20200129T225302,0,0,0,431.1884,406.3545,460.071,1515.206,1137.424,5.538565,436.66,407.21,462.33
29/01/20,10:53:02,132248299829589885,20200129T225302,0,0,0,431.179,406.3516,460.0738,1529.226,1125.097,5.507126,436.66,407.21,462.33
29/01/20,10:53:02,132248299829980040,20200129T225302,0,0,0,431.1631,406.3478,460.0771,1590.349,1091.918,5.362851,436.66,407.21,462.33
29/01/20,10:53:03,132248299830440002,20200129T225303,0,0,0,431.1591,406.3485,460.0775,1623.581,1089.938,5.294086,436.66,407.21,462.33
29/01/20,10:53:03,132248299830940134,20200129T225303,0,0,0,431.1529,406.3509,460.0777,1686.245,1111.03,5.181344,436.66,407.21,462.33
29/01/20,10:53:03,132248299831420135,20200129T225303,0,0,0,431.1504,406.352,460.0782,1723.315,1115.653,5.101429,436.66,407.21,462.33
29/01/20,10:53:03,132248299831925907,20200129T225303,0,0,0,431.1459,406.3531,460.0817,1767.212,1127.734,5.009731,436.66,407.21,462.33
29/01/20,10:53:03,132248299832385906,20200129T225303,0,0,0,431.1446,406.3538,460.0847,1774.499,1130.442,4.994297,436.66,407.21,462.33
29/01/20,10:53:03,132248299832980390,20200129T225303,0,0,0,431.1404,406.3565,460.0916,1792.304,1144.562,4.962288,436.66,407.21,462.33
29/01/20,10:53:03,132248299833470360,20200129T225303,0,0,0,431.1409,406.3617,460.0975,1812.972,1142.681,4.907922,436.66,407.21,462.33
29/01/20,10:53:03,132248299833880345,20200129T225303,1184,328.5,-7.197453E-05,431.1418,406.3696,460.1045,1827.608,1144.746,4.870095,436.66,407.21,462.33
29/01/20,10:53:03,132248299834240352,20200129T225303,0,0,0,431.1406,406.3929,460.1188,1849.031,1139.351,4.808818,436.66,407.21,462.33
29/01/20,10:53:03,132248299834710352,20200129T225303,0,0,0,431.1382,406.4075,460.1245,1864.667,1128.524,4.762643,436.66,407.21,462.33
29/01/20,10:53:03,132248299835240354,20200129T225303,0,0,0,431.1312,406.443,460.1328,1910.564,1076.43,4.61533,436.66,407.21,462.33
29/01/20,10:53:03,132248299835580356,20200129T225303,0,0,0,431.1239,406.4602,460.1367,1900.804,1063.409,4.630323,436.66,407.21,462.33
29/01/20,10:53:03,132248299836055552,20200129T225303,0,0,0,431.1138,406.4767,460.1431,1872.665,1065.571,4.701573,436.66,407.21,462.33
29/01/20,10:53:03,132248299836575550,20200129T225303,0,0,0,431.107,406.5139,460.1533,1845.769,1024.244,4.724206,436.66,407.21,462.33
29/01/20,10:53:03,132248299837070455,20200129T225303,0,0,0,431.1053,406.5312,460.1585,1812.369,1012.692,4.786289,436.66,407.21,462.33
29/01/20,10:53:03,132248299837580457,20200129T225303,0,0,0,431.1036,406.5622,460.1719,1750.215,1001.661,4.906693,436.66,407.21,462.33
29/01/20,10:53:03,132248299838220462,20200129T225303,0,0,0,431.1013,406.5748,460.1794,1728.224,999.4854,4.950352,436.66,407.21,462.33
29/01/20,10:53:03,132248299838590471,20200129T225303,0,0,0,431.0995,406.5979,460.1938,1704.242,1021.318,5.024556,436.66,407.21,462.33
29/01/20,10:53:03,132248299839070249,20200129T225303,0,0,0,431.0981,406.6066,460.2005,1695.499,1028.415,5.050539,436.66,407.21,462.33
29/01/20,10:53:03,132248299839630239,20200129T225303,0,0,0,431.0952,406.6193,460.2149,1686.673,1036.55,5.07632,436.66,407.21,462.33
29/01/20,10:53:04,132248299840100243,20200129T225304,0,0,0,431.0945,406.6223,460.2217,1677.929,1046.107,5.10483,436.66,407.21,462.33
29/01/20,10:53:04,132248299840610251,20200129T225304,0,0,0,431.0988,406.627,460.2328,1673.074,1085.359,5.151713,436.66,407.21,462.33
29/01/20,10:53:04,132248299841080223,20200129T225304,0,0,0,431.0994,406.626,460.2393,1648.516,1115.545,5.233413,436.66,407.21,462.33
29/01/20,10:53:04,132248299841610231,20200129T225304,0,0,0,431.1036,406.6252,460.2519,1643.199,1152.457,5.269825,436.66,407.21,462.33
29/01/20,10:53:04,132248299842100222,20200129T225304,0,0,0,431.1045,406.6239,460.2591,1659.824,1162.032,5.236874,436.66,407.21,462.33
29/01/20,10:53:04,132248299842630223,20200129T225304,0,0,0,431.1031,406.6198,460.2786,1702.476,1160.568,5.133169,436.66,407.21,462.33
29/01/20,10:53:04,132248299843070224,20200129T225304,0,0,0,431.1023,406.6178,460.2898,1737.937,1156.694,5.044529,436.66,407.21,462.33
29/01/20,10:53:04,132248299843590215,20200129T225304,0,0,0,431.0985,406.6153,460.3156,1841.689,1162.419,4.794714,436.66,407.21,462.33
29/01/20,10:53:04,132248299844050226,20200129T225304,0,0,0,431.0983,406.6155,460.3283,1915.279,1143.908,4.604032,436.66,407.21,462.33
29/01/20,10:53:04,132248299844550229,20200129T225304,0,0,0,431.095,406.6154,460.3495,2073.753,1131.79,4.226593,436.66,407.21,462.33
29/01/20,10:53:04,132248299845050235,20200129T225304,0,0,0,431.0933,406.6147,460.3575,2156.972,1128.546,4.041383,436.66,407.21,462.33
29/01/20,10:53:04,132248299845550242,20200129T225304,0,0,0,431.0863,406.6093,460.3714,2306.419,1109.548,3.729435,436.66,407.21,462.33
29/01/20,10:53:04,132248299845870229,20200129T225304,1184,1971,3.88711E-05,431.0836,406.6068,460.3761,2329.771,1104.597,3.683339,436.66,407.21,462.33
29/01/20,10:53:04,132248299846380227,20200129T225304,0,0,0,431.0823,406.604,460.3786,2333.395,1119.12,3.68171,436.66,407.21,462.33
29/01/20,10:53:04,132248299846870240,20200129T225304,1184,0,3.127669E-05,431.0826,406.6012,460.38,2250.843,1154.957,3.856428,436.66,407.21,462.33
29/01/20,10:53:04,132248299847210222,20200129T225304,0,1314,-3.97609E-05,431.0848,406.601,460.3802,2220.22,1166.783,3.92183,436.66,407.21,462.33
29/01/20,10:53:04,132248299847710224,20200129T225304,0,0,0,431.0885,406.6014,460.38,2153.963,1173.291,4.062992,436.66,407.21,462.33
29/01/20,10:53:04,132248299848210222,20200129T225304,1776,1314,-2.56204E-05,431.1032,406.6078,460.3777,1998.927,1184.432,4.408906,436.66,407.21,462.33
29/01/20,10:53:04,132248299848570240,20200129T225304,0,0,0,431.1111,406.6128,460.3752,1909.005,1186.889,4.618957,436.66,407.21,462.33
29/01/20,10:53:04,132248299849060612,20200129T225304,0,0,0,431.1193,406.6183,460.3724,1822.012,1187.224,4.823743,436.66,407.21,462.33
29/01/20,10:53:04,132248299849610623,20200129T225304,0,0,0,431.1311,406.6288,460.3657,1681.077,1190.743,5.152728,436.66,407.21,462.33
29/01/20,10:53:05,132248299850065809,20200129T225305,0,0,0,431.1375,406.6345,460.3622,1639.482,1187.648,5.240564,436.66,407.21,462.33
29/01/20,10:53:05,132248299850605822,20200129T225305,0,0,0,431.1464,406.6469,460.3565,1571.766,1184.634,5.377111,436.66,407.21,462.33
29/01/20,10:53:05,132248299851275809,20200129T225305,0,0,0,431.1495,406.6525,460.3544,1549.266,1183.721,5.419332,436.66,407.21,462.33
29/01/20,10:53:05,132248299851685811,20200129T225305,0,0,0,431.1523,406.6608,460.3501,1524.394,1186.285,5.467691,436.66,407.21,462.33
29/01/20,10:53:05,132248299852335803,20200129T225305,0,0,0,431.1536,406.6663,460.3464,1511.477,1209.753,5.506858,436.66,407.21,462.33
29/01/20,10:53:05,132248299852950239,20200129T225305,0,0,0,431.1555,406.6697,460.3424,1512.609,1230.539,5.51522,436.66,407.21,462.33
29/01/20,10:53:05,132248299853350231,20200129T225305,0,0,0,431.1554,406.6705,460.3406,1508.948,1242.716,5.528123,436.66,407.21,462.33
29/01/20,10:53:05,132248299854000368,20200129T225305,0,0,0,431.1547,406.6729,460.3355,1502.736,1253.218,5.545687,436.66,407.21,462.33
29/01/20,10:53:05,132248299854400354,20200129T225305,0,0,0,431.1536,406.6745,460.3329,1491.983,1255.665,5.567959,436.66,407.21,462.33
29/01/20,10:53:05,132248299854960488,20200129T225305,0,0,0,431.1502,406.6785,460.3267,1461.275,1258.974,5.627457,436.66,407.21,462.33
29/01/20,10:53:05,132248299855350496,20200129T225305,0,0,0,431.148,406.6808,460.3247,1453.428,1258.555,5.642828,436.66,407.21,462.33
29/01/20,10:53:05,132248299856020655,20200129T225305,0,0,0,431.1421,406.6846,460.3222,1454.5,1240.464,5.639668,436.66,407.21,462.33
29/01/20,10:53:05,132248299856620647,20200129T225305,0,0,0,431.1362,406.6878,460.3192,1476.321,1228.601,5.60301,436.66,407.21,462.33
29/01/20,10:53:05,132248299857020636,20200129T225305,0,0,0,431.1333,406.6891,460.3181,1482.73,1223.83,5.592149,436.66,407.21,462.33
29/01/20,10:53:05,132248299857670645,20200129T225305,0,0,0,431.1254,406.6909,460.316,1486.207,1211.225,5.586284,436.66,407.21,462.33
29/01/20,10:53:05,132248299858090262,20200129T225305,0,0,0,431.1216,406.6919,460.3147,1491.882,1203.926,5.575233,436.66,407.21,462.33
29/01/20,10:53:05,132248299858610269,20200129T225305,0,0,0,431.1137,406.693,460.3118,1492.347,1206.408,5.583867,436.66,407.21,462.33
29/01/20,10:53:05,132248299859130306,20200129T225305,0,0,0,431.1097,406.6931,460.3114,1491.395,1204.837,5.588165,436.66,407.21,462.33
29/01/20,10:53:05,132248299859610271,20200129T225305,0,0,0,431.103,406.6924,460.3126,1505.226,1198.293,5.564256,436.66,407.21,462.33
29/01/20,10:53:06,132248299860140273,20200129T225306,0,0,0,431.1008,406.692,460.3138,1515.999,1190.107,5.540044,436.66,407.21,462.33
29/01/20,10:53:06,132248299860680269,20200129T225306,0,0,0,431.0968,406.6898,460.3161,1531.05,1190.815,5.514605,436.66,407.21,462.33
29/01/20,10:53:06,132248299861340272,20200129T225306,0,0,0,431.0952,406.6869,460.3172,1541.52,1197.054,5.499458,436.66,407.21,462.33
29/01/20,10:53:06,132248299861950401,20200129T225306,0,0,0,431.0937,406.6829,460.3183,1553.002,1207.552,5.484134,436.66,407.21,462.33
29/01/20,10:53:06,132248299862340397,20200129T225306,0,0,0,431.0936,406.681,460.3192,1559.289,1211.351,5.47342,436.66,407.21,462.33
29/01/20,10:53:06,132248299863000560,20200129T225306,0,0,0,431.0934,406.6775,460.3207,1573.427,1215.912,5.446473,436.66,407.21,462.33
29/01/20,10:53:06,132248299863610564,20200129T225306,0,0,0,431.0935,406.675,460.3226,1577.054,1213.348,5.436993,436.66,407.21,462.33
29/01/20,10:53:06,132248299864020555,20200129T225306,0,0,0,431.0939,406.6744,460.3231,1574.072,1211.34,5.441765,436.66,407.21,462.33
29/01/20,10:53:06,132248299864680564,20200129T225306,0,0,0,431.0958,406.6732,460.3227,1562.39,1210.702,5.464311,436.66,407.21,462.33
29/01/20,10:53:06,132248299865420563,20200129T225306,0,0,0,431.0994,406.6716,460.3212,1560.763,1221.685,5.471058,436.66,407.21,462.33
29/01/20,10:53:06,132248299865820604,20200129T225306,0,0,0,431.1017,406.6705,460.321,1569.969,1222.465,5.45049,436.66,407.21,462.33
29/01/20,10:53:06,132248299866270557,20200129T225306,0,0,0,431.1055,406.6683,460.3209,1584.507,1227.826,5.419271,436.66,407.21,462.33
29/01/20,10:53:06,132248299866810567,20200129T225306,0,0,0,431.1069,406.6667,460.321,1585.022,1234.137,5.419837,436.66,407.21,462.33
29/01/20,10:53:06,132248299867270560,20200129T225306,0,0,0,431.109,406.6641,460.3215,1581.968,1250.649,5.430987,436.66,407.21,462.33
29/01/20,10:53:06,132248299867800557,20200129T225306,0,0,0,431.1102,406.6635,460.3221,1587.989,1249.22,5.41642,436.66,407.21,462.33
29/01/20,10:53:06,132248299868540551,20200129T225306,0,0,0,431.1134,406.6626,460.3215,1599.024,1242.66,5.387657,436.66,407.21,462.33
29/01/20,10:53:06,132248299869460559,20200129T225306,0,0,0,431.1164,406.6606,460.3196,1592.781,1248.193,5.401359,436.66,407.21,462.33
29/01/20,10:53:06,132248299869940562,20200129T225306,0,0,0,431.1159,406.6571,460.3192,1568.573,1251.126,5.454913,436.66,407.21,462.33
29/01/20,10:53:07,132248299870470566,20200129T225307,0,0,0,431.1157,406.6573,460.3182,1563.135,1244.703,5.464424,436.66,407.21,462.33
29/01/20,10:53:07,132248299870935757,20200129T225307,0,0,0,431.1157,406.6584,460.3154,1537.248,1238.371,5.51533,436.66,407.21,462.33
29/01/20,10:53:07,132248299871475752,20200129T225307,0,0,0,431.1159,406.6589,460.3141,1527.003,1247.764,5.539581,436.66,407.21,462.33
29/01/20,10:53:07,132248299871935767,20200129T225307,0,0,0,431.1168,406.6622,460.3126,1518.677,1231.186,5.548103,436.66,407.21,462.33
29/01/20,10:53:07,132248299872485780,20200129T225307,0,0,0,431.1162,406.6646,460.3127,1507.511,1211.128,5.558821,436.66,407.21,462.33
29/01/20,10:53:07,132248299872935873,20200129T225307,0,0,0,431.1156,406.6701,460.3107,1474.395,1188.736,5.603955,436.66,407.21,462.33
29/01/20,10:53:07,132248299873485890,20200129T225307,0,0,0,431.115,406.6727,460.3096,1452.109,1177.727,5.633106,436.66,407.21,462.33
29/01/20,10:53:07,132248299873946014,20200129T225307,0,0,0,431.114,406.6762,460.3077,1458.703,1180.782,5.625999,436.66,407.21,462.33
29/01/20,10:53:07,132248299874465998,20200129T225307,0,0,0,431.1138,406.6768,460.3077,1488.647,1181.186,5.575373,436.66,407.21,462.33
29/01/20,10:53:07,132248299875072113,20200129T225307,0,0,0,431.11,406.6737,460.3109,1570.593,1198.996,5.431801,436.66,407.21,462.33
29/01/20,10:53:07,132248299875622104,20200129T225307,0,0,0,431.107,406.6694,460.3114,1660.762,1218.692,5.24654,436.66,407.21,462.33
29/01/20,10:53:07,132248299876012128,20200129T225307,0,0,0,431.1051,406.667,460.3118,1696.548,1225.067,5.167352,436.66,407.21,462.33
29/01/20,10:53:07,132248299876652116,20200129T225307,0,0,0,431.1009,406.6618,460.3117,1773.709,1225.058,4.98502,436.66,407.21,462.33
29/01/20,10:53:07,132248299877017398,20200129T225307,0,0,0,431.0966,406.6577,460.3115,1819.946,1219.132,4.873264,436.66,407.21,462.33
29/01/20,10:53:07,132248299877437391,20200129T225307,0,0,0,431.0941,406.6549,460.3104,1860.502,1206.832,4.771546,436.66,407.21,462.33
29/01/20,10:53:07,132248299877810212,20200129T225307,0,0,0,431.0916,406.6524,460.3089,1902.72,1196.97,4.666894,436.66,407.21,462.33
29/01/20,10:53:07,132248299878620215,20200129T225307,0,0,0,431.0864,406.6471,460.3047,2000.388,1196.399,4.436889,436.66,407.21,462.33
29/01/20,10:53:07,132248299878980249,20200129T225307,0,0,0,431.0825,406.6426,460.3005,2138.291,1165.311,4.114159,436.66,407.21,462.33
29/01/20,10:53:07,132248299879540214,20200129T225307,0,0,0,431.0794,406.6395,460.2986,2208.135,1161.102,3.964353,436.66,407.21,462.33
29/01/20,10:53:07,132248299879850214,20200129T225307,0,0,0,431.0768,406.6369,460.2965,2284.874,1134.938,3.800373,436.66,407.21,462.33
29/01/20,10:53:08,132248299880530215,20200129T225308,0,0,0,431.0696,406.6297,460.2914,2538.376,1082.096,3.328131,436.66,407.21,462.33
29/01/20,10:53:08,132248299880980242,20200129T225308,1184,3285,-1.254634E-05,431.061,406.6205,460.2878,2923.767,1006.714,2.767837,436.66,407.21,462.33
29/01/20,10:53:08,132248299881410200,20200129T225308,0,0,0,431.0555,406.6151,460.2854,3221.964,965.6804,2.439027,436.66,407.21,462.33
29/01/20,10:53:08,132248299881730203,20200129T225308,0,0,0,431.0507,406.6105,460.283,3631.421,887.0817,2.085533,436.66,407.21,462.33
29/01/20,10:53:08,132248299882400216,20200129T225308,0,0,0,431.0451,406.606,460.2794,4180.651,758.9938,1.737599,436.66,407.21,462.33
29/01/20,10:53:08,132248299882710220,20200129T225308,2368,2628,2.143168E-05,431.0335,406.5973,460.2688,6362.089,300.8103,1.035459,436.66,407.21,462.33
29/01/20,10:53:08,132248299883030217,20200129T225308,0,0,0,431.0275,406.592,460.2631,8860.735,-207.2552,0.7047806,436.66,407.21,462.33
29/01/20,10:53:08,132248299883530213,20200129T225308,1184,-1314,4.411185E-05,431.0223,406.588,460.2584,16451.7,-1786.031,0.3563061,436.66,407.21,462.33
29/01/20,10:53:08,132248299883840216,20200129T225308,0,0,0,431.0165,406.5839,460.2516,38909.8,-6651.118,0.1443523,436.66,407.21,462.33
29/01/20,10:53:08,132248299884530219,20200129T225308,1184,1314,1.998179E-05,431.0078,406.5762,460.2402,-12201.56,4451.357,-0.4048789,436.66,407.21,462.33
29/01/20,10:53:08,132248299884980227,20200129T225308,0,0,0,431.001,406.5694,460.2295,-4254.138,2791.876,-0.9787283,436.66,407.21,462.33
29/01/20,10:53:08,132248299885375394,20200129T225308,1184,2628,2.920602E-05,430.9974,406.5662,460.2248,-2896.524,2481.568,-1.288021,436.66,407.21,462.33
29/01/20,10:53:08,132248299885715396,20200129T225308,1184,2628,6.647153E-05,430.9957,406.5637,460.2207,-2022.473,2230.963,-1.617638,436.66,407.21,462.33
29/01/20,10:53:08,132248299886065401,20200129T225308,0,0,0,430.9942,406.5597,460.2157,-1505.481,2091.787,-1.900118,436.66,407.21,462.33
29/01/20,10:53:08,132248299886410318,20200129T225308,0,0,0,430.993,406.5554,460.2087,-1247.193,2031.559,-2.077888,436.66,407.21,462.33
29/01/20,10:53:08,132248299886780269,20200129T225308,0,0,0,430.9932,406.5506,460.2025,-1006.743,1976.664,-2.272444,436.66,407.21,462.33
29/01/20,10:53:08,132248299887620266,20200129T225308,1184,1314,-9.471274E-06,430.9966,406.5415,460.1882,-726.2739,1934.655,-2.538487,436.66,407.21,462.33
29/01/20,10:53:08,132248299888140312,20200129T225308,1184,2628,-2.108282E-05,431.0021,406.5297,460.1723,-534.5258,1907.922,-2.752851,436.66,407.21,462.33
29/01/20,10:53:08,132248299888700310,20200129T225308,5920,-2628,1.016636E-05,431.0064,406.5191,460.1557,-440.0765,1882.904,-2.876175,436.66,407.21,462.33
29/01/20,10:53:08,132248299889080299,20200129T225308,0,0,0,431.0076,406.5148,460.1472,-384.449,1882.603,-2.946928,436.66,407.21,462.33
29/01/20,10:53:08,132248299889470304,20200129T225308,1184,-657,2.093106E-06,431.0087,406.5111,460.1386,-325.7486,1880.954,-3.025143,436.66,407.21,462.33
29/01/20,10:53:09,132248299890270304,20200129T225309,0,0,0,431.0102,406.5049,460.1227,-158.3913,1838.334,-3.28768,436.66,407.21,462.33
29/01/20,10:53:09,132248299890700329,20200129T225309,0,0,0,431.0094,406.4987,460.108,-29.30385,1806.967,-3.516019,436.66,407.21,462.33
29/01/20,10:53:09,132248299891080329,20200129T225309,0,0,0,431.0088,406.4958,460.1008,14.81015,1796.676,-3.59982,436.66,407.21,462.33
29/01/20,10:53:09,132248299891460334,20200129T225309,1184,1314,0,431.008,406.4931,460.0941,64.1562,1787.123,-3.69513,436.66,407.21,462.33
29/01/20,10:53:09,132248299892430330,20200129T225309,0,0,0,431.0055,406.4863,460.081,162.0213,1761.24,-3.900954,436.66,407.21,462.33
29/01/20,10:53:09,132248299892870331,20200129T225309,1184,0,-9.910615E-06,431.0028,406.4782,460.0677,240.7384,1725.37,-4.091766,436.66,407.21,462.33
29/01/20,10:53:09,132248299893380330,20200129T225309,0,0,0,431.0011,406.4708,460.0551,301.7083,1698.171,-4.24731,436.66,407.21,462.33
29/01/20,10:53:09,132248299893780334,20200129T225309,0,0,0,431.0003,406.4676,460.0503,342.1707,1685.867,-4.347275,436.66,407.21,462.33
29/01/20,10:53:09,132248299894420334,20200129T225309,0,0,0,430.9999,406.4613,460.0374,371.5514,1681.508,-4.419593,436.66,407.21,462.33
29/01/20,10:53:09,132248299894820305,20200129T225309,1184,0,2.089792E-05,430.9997,406.4576,460.0327,385.9108,1680.236,-4.454031,436.66,407.21,462.33
29/01/20,10:53:09,132248299895640275,20200129T225309,0,-1642.5,-1.074028E-05,431.0009,406.4515,460.0215,375.1032,1720.051,-4.392059,436.66,407.21,462.33
29/01/20,10:53:09,132248299896072311,20200129T225309,0,0,0,431,406.4481,460.0116,379.2515,1734.492,-4.388682,436.66,407.21,462.33
29/01/20,10:53:09,132248299896512313,20200129T225309,2368,657,-1.615404E-05,430.9995,406.4477,460.0078,404.209,1735.555,-4.441702,436.66,407.21,462.33
29/01/20,10:53:09,132248299897442309,20200129T225309,1184,657,1.051077E-05,430.998,406.4473,460.0008,460.6597,1738.658,-4.560843,436.66,407.21,462.33
29/01/20,10:53:09,132248299897852312,20200129T225309,0,0,0,430.9971,406.4441,459.993,492.0557,1747.443,-4.619262,436.66,407.21,462.33
29/01/20,10:53:09,132248299898432310,20200129T225309,0,0,0,430.9963,406.4408,459.9848,501.5529,1750.984,-4.637764,436.66,407.21,462.33
29/01/20,10:53:09,132248299898842332,20200129T225309,0,0,0,430.9958,406.4391,459.9813,512.9286,1753.534,-4.659619,436.66,407.21,462.33
29/01/20,10:53:09,132248299899592362,20200129T225309,1184,1642.5,-5.418042E-05,430.9947,406.4375,459.9756,527.5817,1776.594,-4.660096,436.66,407.21,462.33
29/01/20,10:53:10,132248299900042312,20200129T225310,592,1272.938,-4.685874E-05,430.994,406.4361,459.9715,537.2966,1793.57,-4.656693,436.66,407.21,462.33
29/01/20,10:53:10,132248299900442311,20200129T225310,1184,492.75,-3.543105E-05,430.994,406.4352,459.9703,538.822,1797.638,-4.65409,436.66,407.21,462.33
29/01/20,10:53:10,132248299901052307,20200129T225310,0,0,0,430.9937,406.4337,459.9672,530.2234,1812.004,-4.616555,436.66,407.21,462.33
29/01/20,10:53:10,132248299901442517,20200129T225310,1184,1396.125,-6.018759E-05,430.9936,406.433,459.9667,529.6867,1825.047,-4.595995,436.66,407.21,462.33
29/01/20,10:53:10,132248299902220328,20200129T225310,1184,1231.875,-6.84855E-05,430.9928,406.4319,459.9656,522.9937,1847.82,-4.54899,436.66,407.21,462.33
29/01/20,10:53:10,132248299902740276,20200129T225310,2368,2414.988,0.0001064855,430.9923,406.4322,459.9659,520.3891,1867.418,-4.513615,436.66,407.21,462.33
29/01/20,10:53:10,132248299903670271,20200129T225310,1184,1437.188,-1.496217E-05,430.9919,406.432,459.9659,514.1978,1877.82,-4.486075,436.66,407.21,462.33
